Model,RMSE,MAE,MSE,R2,Epochs,Parameters
Bidirectional_LSTM_Weekly,6.382631409036032,3.9368532,40.737984,0.539836017155843,24,36673
