Feature Group,Features Count,RMSE,MAE,R2,RMSE_Impact,MAE_Impact,Interpretation,Epochs
Lag Features,12,17.539160808466132,8.398773,-0.11055580054158876,0.29226945870490084,0.49001073837280273,Moderate contribution,44
Casualty Features,10,17.423460199743083,8.409515,-0.09595218283767148,0.17656884998185163,0.5007529258728027,Minimal impact,40
Baseline (All Features),13,17.24689134976123,7.9087625,-0.07385197029675794,0.0,0.0,Full model,38
Geographic Features,13,15.956262890772798,8.074137,0.08085259989524063,-1.290628458988433,0.1653742790222168,Critical feature group,60
Rolling Statistics,9,15.449435049054737,8.049443,0.13831597988018507,-1.7974563007064948,0.14068078994750977,Critical feature group,50
