Model,RMSE,MAE,MSE,R2,Epochs,Parameters
LSTM_Attention_Weekly,9.191252273067471,5.7722797,84.47912,0.04574933632688216,17,14303
